"통계분류(1)",통계분류(2),2014,2014,2014,2014,2014,2014,2014,2016,2016,2016,2016,2016,2016,2016,2018,2018,2018,2018,2018,2018,2018,2018,2019,2019,2019,2019,2019,2019,2019,2019,2020,2020,2020,2020,2020,2020,2020,2020,2021,2021,2021,2021,2021,2021,2021,2021,2022,2022,2022,2022,2022,2022,2022,2022,2023,2023,2023,2023,2023,2023
"통계분류(1)",통계분류(2),1회,2회,3회,4회 이상,관람 경험 없음,전체평균,관람자평균,표본수,1회,2회,3회,4회 이상,관람 경험 없음,전체평균,표본수,1회,2회,3회,4회 이상,관람 경험 없음,전체평균,관람자평균,표본수,1회,2회,3회,4회 이상,관람 경험 없음,전체평균,관람자평균,표본수,1회,2회,3회,4회 이상,관람 경험 없음,전체평균,관람자평균,표본수,1회,2회,3회,4회 이상,관람 경험 없음,전체평균,관람자평균,표본수,1회,2회,3회,4회 이상,관람 경험 없음,전체평균,관람자평균,표본수,1회,2회,3회,4회 이상,관람자평균
"전체",소계,8.7,3.1,0.6,2,85.6,0.49,3.44,10716,7.2,2.9,1.1,3.3,85.4,0.53,10558,14.5,4,1.1,1.4,78.9,0.35,1.66,10102,11.2,6.5,3.8,1.7,76.7,0.48,2.08,10099,4.3,1.7,0.5,0.7,92.8,0.16,2.23,10060,0.8,0.3,0.1,0.2,98.7,0.03,2.19,10139,5.5,1.4,0.3,0.2,92.6,0.11,1.52,1010,69.5,21.2,4.4,4.9,1.56
"성별",남성,8.3,2.8,0.5,2,86.5,0.42,3.13,5211,6.8,2.6,1.2,3.2,86.3,0.52,5257,13.4,4.1,0.8,1.2,80.6,0.31,1.58,4889,10.5,6.3,3.3,1.8,78.1,0.47,2.15,5016,3.4,1.8,0.6,0.6,93.7,0.16,2.55,4942,0.4,0.3,0,0.1,99,0.02,2.3,4577,4.4,1.1,0.2,0.2,94.1,0.09,1.46,399,70.1,19.3,5,5.5,1.61
"성별",여성,9,3.4,0.8,2,84.8,0.56,3.71,5505,7.7,3.2,1.1,3.5,84.5,0.54,5301,15.5,4,1.5,1.7,77.3,0.39,1.72,5213,11.9,6.8,4.4,1.6,75.4,0.5,2.02,5083,5.3,1.6,0.5,0.7,91.9,0.16,1.98,5118,1.2,0.3,0.1,0.2,98.3,0.04,2.12,5562,6.6,1.7,0.3,0.3,91.2,0.14,1.56,611,69.1,22.5,4,4.4,1.53
"연령별",15~19세,11.3,5.3,1.4,3.7,78.4,0.9,4.15,843,10.7,3.8,2.4,4.6,78.5,0.7,754,18.5,6.7,2.2,4,68.6,0.7,2.23,677,13.4,8.4,3.4,2.6,72.1,0.55,1.97,615,4.1,2.4,0.4,1.2,92,0.2,2.49,578,1.4,0.3,0.3,0.3,97.7,0.08,3.58,456,3.4,1.7,0.9,0.2,93.9,0.1,1.66,57,66.6,23.3,10.2,-,1.44
"연령별",20대,14.6,6.9,0.7,2.8,75,0.93,3.74,1531,12,5.4,1.9,3,77.7,0.58,1505,18,8,1.8,3,69.1,0.57,1.85,1573,13.8,7.8,4.6,2.4,71.5,0.6,2.11,1550,5.8,2.3,0.9,1.4,89.5,0.22,2.05,1496,0.8,0.5,0.2,0.4,98.2,0.04,2.47,1234,8.2,2.9,0.7,0.4,87.9,0.19,1.54,230,60.5,32.9,5,1.6,1.55
"연령별",30대,10.4,3,0.7,2,84,0.58,3.62,1757,7.4,2.8,1.1,3.7,85.1,0.63,1570,16.5,4.3,0.7,1.8,76.7,0.36,1.56,1640,11,6.1,3.8,2,77.1,0.48,2.11,1638,3.6,2.3,0.9,0.4,92.9,0.17,2.41,1565,0.8,0.3,-,0,98.9,0.02,1.45,1488,6.1,1.7,0.3,0.2,91.8,0.11,1.35,160,79.8,14.9,1,4.3,1.37
"연령별",40대,7.6,2.2,0.3,1.2,88.7,0.26,2.28,1988,6,2,0.8,3.4,87.8,0.52,1964,12.8,3.2,0.7,1.2,82.1,0.27,1.53,1894,10.4,6.5,4,1.4,77.7,0.47,2.1,1873,3.5,1.5,0.3,0.3,94.4,0.09,1.55,1786,0.6,0.3,0,0.1,99,0.02,1.99,1730,5.2,1.1,0.1,0.2,93.4,0.1,1.57,145,74.8,16.3,4.6,4.3,1.54
"연령별",50대,6.9,1.7,0.5,1.6,89.3,0.3,2.76,1969,5.3,2.6,1.1,3.3,87.7,0.43,2077,12.9,3.1,1.3,0.7,82.1,0.29,1.64,1925,10.5,7.9,4,1.8,75.8,0.51,2.1,1892,5,1.3,0.4,0.8,92.5,0.16,2.18,1886,1.3,0.3,0,0.3,98,0.04,2,2057,7.2,1.5,0.1,0.3,90.9,0.12,1.32,173,71.1,16.3,4.2,8.4,1.77
"연령별",60대,3.4,1.6,0.6,1.4,93,0.2,2.8,1315,5.7,2.5,0.6,2.9,88.4,0.44,1409,12.5,2.3,1.2,0.1,83.9,0.21,1.32,1335,9.9,4.9,2.9,0.8,81.5,0.37,2.02,1372,5.3,1.4,0.4,0.5,92.4,0.19,2.46,1479,0.9,0.3,0.1,0,98.7,0.02,1.7,1847,4.1,0.7,0,0.4,94.7,0.11,2.11,161,75.6,15.9,3.7,4.8,1.47
"연령별",70세이상,3.1,0.6,0.4,2.1,93.8,0.35,5.61,1313,4.8,1.5,0.6,3,90.2,0.44,1279,12.1,1.5,0.7,0.5,85.2,0.2,1.34,1058,10.6,4.3,3.6,1.3,80.1,0.41,2.07,1159,2.8,0.9,0.3,0.3,95.8,0.13,3.13,1270,0.1,0.1,-,0.1,99.7,0.01,5.04,1327,2.1,0.3,0.1,0.1,97.4,0.03,1.31,84,56.4,24.8,6.2,12.5,1.8
"학력별",초졸 이하,4.4,1.1,0.4,2,92.1,0.45,5.67,1261,4.7,2.3,0.7,3.2,89.2,0.51,1044,12.1,1.4,0.6,1.2,84.7,0.3,1.96,1118,9.3,4.3,3,1.4,82,0.39,2.14,1113,3.7,1.4,0.1,0.4,94.4,0.19,3.41,1233,0.2,0.1,0.1,0.2,99.5,0.04,7.98,683,1.7,-,0.1,0.1,98.1,0.03,1.33,35,65.9,25.5,4.7,3.9,1.47
"학력별",중졸,5.6,2.9,1.1,1.8,88.6,0.41,3.6,1518,7.8,2.6,1.3,3.7,84.6,0.55,1438,14.3,4.2,1.1,1.8,78.6,0.37,1.71,1096,11,5.1,4,1.4,78.4,0.43,1.97,1115,4,1.6,0.2,0.7,93.6,0.14,2.11,1079,0.8,0.2,-,0,98.9,0.02,1.35,1119,1.3,1,0.4,0.1,97.1,0.05,1.78,69,67.8,25.9,6.3,-,1.38
"학력별",고졸,7,2.8,0.6,2.2,87.4,0.41,3.3,4352,6.9,2.8,1.2,2.9,86.3,0.49,4333,14,3.7,1.4,1.3,79.6,0.34,1.68,4055,10.7,7.2,4,1.3,76.8,0.46,1.99,4111,4.2,1.5,0.6,0.6,93.1,0.17,2.42,3920,0.7,0.3,0.1,0.2,98.7,0.03,2.21,4230,5.8,1.4,0.1,0.4,92.3,0.13,1.64,349,70.5,20.4,5.2,3.9,1.48
"학력별",대졸이상,12.9,4.1,0.6,1.8,80.7,0.63,3.25,3585,8,3.3,1.1,3.8,83.7,0.56,3743,15.5,4.9,1,1.6,77.1,0.36,1.58,3833,12.1,6.8,3.9,2.2,75,0.55,2.18,3760,4.8,1.9,0.7,0.7,91.9,0.15,1.84,3828,1.1,0.4,0.1,0.2,98.3,0.03,1.8,4107,6.7,1.7,0.4,0.2,91.1,0.12,1.41,557,69.2,21,3.6,6.2,1.64
"동거가구원수별",1인,7.8,1.6,0.7,1.5,88.4,0.3,2.58,1083,5.3,1.9,0.8,2.9,89.1,0.35,2223,14.1,2.6,1.1,1.2,80.9,0.31,1.63,1755,9.2,4.4,2.6,1.9,81.8,0.45,2.46,1771,3.8,1.2,0.5,0.5,94,0.2,3.29,2112,0.8,0.2,0,0.3,98.8,0.03,2.84,1221,5.1,0.9,0.3,0.5,93.2,0.1,1.49,121,66.9,21,8.1,4.1,1.61
"동거가구원수별",2인,4.9,1.5,0.5,2.1,90.9,0.35,3.87,2555,5.5,2.3,1,3.3,87.8,0.46,2307,12.4,2,1.1,0.6,83.9,0.23,1.44,2680,10.9,6.7,3.8,1.2,77.4,0.47,2.08,2718,4,1.5,0.5,0.5,93.5,0.16,2.52,2686,0.7,0.5,0,0.1,98.7,0.02,1.86,3222,3.9,0.6,0.1,0.2,95.3,0.07,1.48,325,72.5,19.2,3.3,5,1.53
"동거가구원수별",3인이상,-,-,-,-,-,-,-,7078,7.7,3.1,1.2,3.4,84.7,0.55,6028,15.1,4.7,1.1,1.7,77.4,0.38,1.7,5667,11.6,6.8,4.1,1.8,75.8,0.49,2.04,5610,4.5,1.8,0.5,0.7,92.4,0.16,2.05,5262,0.9,0.3,0.1,0.2,98.6,0.03,2.18,5696,6.2,1.8,0.3,0.3,91.5,0.13,1.53,564,68.5,22.1,4.6,4.9,1.57
"동거가구원수별",3인,10.3,3.4,0.6,1.3,84.5,0.34,2.22,-,-,-,-,-,-,-,-,-,-,-,-,-,-,-,-,-,-,-,-,-,-,-,-,-,-,-,-,-,-,-,-,-,-,-,-,-,-,-,-,-,-,-,-,-,-,-,-,-,-,-,-,-
"동거가구원수별",4인,9.3,3.9,0.6,2.4,83.8,0.61,3.79,-,-,-,-,-,-,-,-,-,-,-,-,-,-,-,-,-,-,-,-,-,-,-,-,-,-,-,-,-,-,-,-,-,-,-,-,-,-,-,-,-,-,-,-,-,-,-,-,-,-,-,-,-
"동거가구원수별",5인 이상,11.3,3.7,0.7,1.8,82.5,0.88,5.04,-,-,-,-,-,-,-,-,-,-,-,-,-,-,-,-,-,-,-,-,-,-,-,-,-,-,-,-,-,-,-,-,-,-,-,-,-,-,-,-,-,-,-,-,-,-,-,-,-,-,-,-,-
"혼인상태별",미혼,13,5.7,0.9,3.2,77.1,0.88,3.84,2891,11.1,4.8,2.1,3.8,78.1,0.65,3036,18.5,7.3,1.7,3.1,69.4,0.58,1.91,2962,13.2,7.7,3.8,2.5,72.9,0.58,2.12,3063,4.7,2.2,0.8,1.2,91.1,0.2,2.29,2980,0.9,0.3,0.1,0.3,98.4,0.04,2.7,2338,6.9,2.7,0.6,0.3,89.4,0.16,1.54,369,65.1,27.6,4.7,2.6,1.53
"혼인상태별",기혼,7.3,2.1,0.5,1.5,88.6,0.35,3.08,6890,5.9,2.3,0.8,3.3,87.8,0.49,6173,13,2.9,0.9,0.9,82.3,0.27,1.5,6003,10.8,6.5,4,1.5,77.3,0.47,2.05,5799,4.3,1.6,0.5,0.4,93.2,0.14,2.07,5673,0.8,0.3,0,0.1,98.7,0.02,1.82,6838,5,1,0.1,0.2,93.7,0.1,1.54,585,73.2,17.2,4.1,5.5,1.53
"혼인상태별",사별/이혼/기타,3.6,1.3,0.5,1.2,93.4,0.21,3.24,935,4.5,0.8,0.8,2.2,91.8,0.31,1349,12.8,1.7,0.8,0.6,84.1,0.22,1.38,1137,7.6,3,3.1,0.9,85.4,0.32,2.2,1237,3.8,0.6,0.3,0.6,94.8,0.18,3.39,1407,0.5,0.3,0.1,0.1,99.1,0.02,2.67,963,4.7,0.2,-,0.1,95,0.05,1.09,56,55.7,20,6.4,17.9,2.28
"가구주여부별",가구주,6.9,2,0.5,1.6,89,0.3,2.76,4692,5.1,2.1,1,3.3,88.5,0.51,5511,12.2,3,0.8,1,83,0.26,1.53,4892,9.5,5.6,3.3,1.6,80,0.45,2.23,4954,3.5,1.4,0.5,0.6,94,0.16,2.71,5213,0.5,0.3,0,0.1,99,0.02,2.44,4648,4.6,0.7,0.1,0.2,94.4,0.08,1.44,393,69.4,18.1,4.4,8.2,1.73
"가구주여부별",가구주 아님,9.9,3.9,0.7,2.3,83.1,0.64,3.77,6024,8.6,3.4,1.2,3.4,83.4,0.54,5047,16.3,4.9,1.4,1.8,75.5,0.42,1.73,5210,12.5,7.3,4.3,1.7,74.2,0.51,1.99,5145,5,1.9,0.6,0.7,91.8,0.16,1.95,4847,1.1,0.3,0.1,0.2,98.3,0.03,2.04,5491,6.2,1.9,0.4,0.2,91.3,0.14,1.56,617,69.6,22.7,4.4,3.3,1.48
"종사자지위별",상용근로자,-,-,-,-,-,-,-,-,-,-,-,-,-,-,-,-,-,-,-,-,-,-,-,-,-,-,-,-,-,-,-,-,-,-,-,-,-,-,-,-,-,-,-,-,-,-,3821,5.7,1.5,0.2,0.2,92.4,0.11,1.47,459,74.2,16.7,4.2,4.9,1.55
"종사자지위별",임시근로자,-,-,-,-,-,-,-,-,-,-,-,-,-,-,-,-,-,-,-,-,-,-,-,-,-,-,-,-,-,-,-,-,-,-,-,-,-,-,-,-,-,-,-,-,-,-,622,4.8,2,0.7,-,92.5,0.11,1.45,58,70.1,25.8,1.7,2.5,1.54
"종사자지위별",일용근로자,-,-,-,-,-,-,-,-,-,-,-,-,-,-,-,-,-,-,-,-,-,-,-,-,-,-,-,-,-,-,-,-,-,-,-,-,-,-,-,-,-,-,-,-,-,-,253,6.2,0.6,0.3,-,92.8,0.08,1.17,18,70.9,27,-,2.1,1.35
"종사자지위별",고용원이 있는 자영업자,7,4.1,0.8,1.5,86.6,0.39,2.9,264,6.8,3.9,0.6,3,85.8,0.46,283,14.3,3.4,0.6,0.4,81.3,0.25,1.31,297,13.3,3.8,1.9,2,79.1,0.44,2.11,314,5.6,2.6,0.8,0.8,90.1,0.19,1.89,305,0.4,0.2,-,-,99.4,0.01,1.31,300,8.4,0.7,-,0.6,90.3,0.23,2.4,35,67.8,19.7,7.5,5,1.5
"종사자지위별",고용원이 없는 자영업자,4.6,2,0.4,1.5,91.5,0.29,3.46,1591,4.2,2.3,0.5,2.3,90.6,0.37,1763,11.6,2.6,1.1,0.8,83.9,0.29,1.77,1976,10,5.7,3.6,1.1,79.7,0.4,1.96,1787,3.8,1.5,0.3,0.6,93.9,0.2,3.23,1919,0.5,0.3,0.1,0.1,99.1,0.02,2.55,1297,4.4,0.6,-,0,95,0.06,1.17,109,66,23.9,5.2,4.9,1.63
"종사자지위별",무급가족종사자,6.7,0.8,-,0.6,91.9,0.18,2.17,243,5.8,4.5,0.7,1.3,87.8,0.27,163,14,2.3,-,-,83.7,0.19,1.14,262,8.3,5,2.7,1.2,82.8,0.32,1.84,245,3.7,1.9,1,-,93.4,0.1,1.59,225,0.5,-,-,-,99.5,0,1,237,10.2,0.8,-,-,89,0.12,1.08,18,75.5,5.7,18.8,-,1.43
"종사자지위별",기타종사자,-,-,-,-,-,-,-,-,-,-,-,-,-,-,-,-,-,-,-,-,-,-,-,-,-,-,-,-,-,-,-,-,-,-,-,-,-,-,-,-,-,-,-,-,-,-,73,24.9,1.9,3.3,0.9,68.9,0.42,1.37,6,52.3,37.6,-,10.1,1.78
"종사자지위별",해당없음(무직),8.5,3.3,0.9,2.5,84.9,0.61,4.02,4219,7.7,2.7,1.2,3.4,85,0.52,3520,15,4.5,1.5,1.5,77.5,0.39,1.72,3810,11.6,6.5,4.6,1.6,75.8,0.49,2.01,3852,4.2,1.3,0.5,0.7,93.2,0.14,2.06,3752,0.8,0.3,0.1,0.2,98.7,0.03,2.35,3536,4.9,1.5,0.3,0.4,92.8,0.12,1.63,307,64.5,25.6,4.4,5.5,1.57
"종사자지위별",임금.봉급 근로자,10.4,3.3,0.5,1.8,84,0.47,2.97,4399,7.8,3.1,1.3,3.8,84,0.6,4829,15,4.2,1,1.7,78.1,0.35,1.61,3757,11.4,7.4,3.5,2.1,75.6,0.54,2.21,3901,4.7,2,0.6,0.6,92,0.16,2.07,3859,1.1,0.4,0.1,0.2,98.3,0.03,2.01,-,-,-,-,-,-,-,-,-,-,-,-,-,-
"가구소득별",100만원 미만,2.7,0.4,0.3,1.7,94.8,0.26,5.06,874,3,1.2,0.4,3,92.3,0.41,869,13,1.2,0.4,0.7,84.7,0.21,1.35,1019,9.1,4.4,3.4,1.5,81.6,0.46,2.47,929,3.3,0.8,0.3,0.8,94.8,0.31,5.89,1115,0.4,-,0.1,0,99.5,0.01,1.71,487,1.5,0.2,-,0.1,98.1,0.03,1.41,30,69.4,11,11,8.6,1.87
"가구소득별",100~200만원,7.1,1.2,0.5,1.5,89.7,0.3,2.91,1143,4.9,2.7,0.8,3.2,88.4,0.45,1204,11,2.2,1,0.3,85.5,0.21,1.43,1001,9.8,4.7,3.2,1,81.4,0.34,1.83,974,4.4,1,0.4,0.3,94,0.1,1.63,1027,0.7,0.4,-,0.1,98.8,0.02,1.97,826,1.8,0.3,0.4,0.2,97.3,0.04,1.64,38,57.2,27.5,9.9,5.3,1.74
"가구소득별",200~300만원,8.7,2,0.8,1.8,86.7,0.4,3.01,1685,5.5,2.5,1.2,4.2,86.5,0.72,1803,12.9,2.5,1.2,0.8,82.5,0.27,1.53,1722,10,6,2.9,1.8,79.3,0.45,2.17,1666,3.2,1.1,0.4,0.4,94.8,0.09,1.78,1575,0.9,0.1,0,0.2,98.8,0.03,2.51,1342,3.4,0.7,0.1,0.2,95.6,0.08,1.78,126,71,20,4.1,4.9,1.48
"가구소득별",300~400만원,9.1,2.4,0.7,2.4,85.4,0.76,5.21,2554,6.4,2,1.2,3.3,87.1,0.5,2152,13.5,3.2,0.7,1.9,80.7,0.33,1.7,2098,10.4,5.9,3.1,1.3,79.3,0.41,2,2085,3.6,1.1,0.7,0.3,94.3,0.1,1.79,1925,0.6,0.1,-,0.1,99.2,0.01,1.89,1873,4.2,1.2,0.3,0.6,93.8,0.12,1.89,125,72.1,22.4,1.8,3.7,1.55
"가구소득별",400~500만원,9.7,3.8,0.6,2.3,83.6,0.53,3.25,2224,8.9,3.5,1.3,3.8,82.6,0.57,2228,14.3,4.2,1.1,1.3,79.1,0.37,1.76,1725,10.9,7.2,4.1,1.3,76.6,0.47,1.99,1834,4.3,2.3,0.5,0.6,92.4,0.14,1.88,1602,0.8,0.2,0,0.1,98.8,0.02,1.82,1860,6.2,1.3,0.3,0.2,91.9,0.13,1.63,152,80.1,14.7,2.6,2.6,1.34
"가구소득별",500~600만원,8.7,6,0.4,1.2,83.8,0.31,1.92,1369,8.2,3.5,1.1,3.1,84,0.48,1278,19.6,4.7,1.8,2.1,71.8,0.45,1.6,1344,11.9,6.3,6,1.8,74,0.55,2.1,1872,5.1,2,0.7,1,91.2,0.2,2.31,1322,1.1,0.8,0.1,0.4,97.5,0.06,2.26,1838,6.9,1.3,0.1,0.3,91.3,0.12,1.39,185,71.8,21.9,2.3,4,1.49
"가구소득별",600만원 이상,13,6.2,0.9,2.5,77.4,0.47,2.07,867,9.4,3.9,1.1,2.2,83.3,0.43,1024,14.6,7.6,1.3,2,74.5,0.45,1.75,1193,14.7,9.3,3.7,2.9,69.3,0.65,2.12,739,6.8,2.9,0.4,1.3,88.7,0.28,2.47,1494,1.1,0.5,0.1,0.1,98.2,0.04,2.44,1913,6.9,2.4,0.4,0,90.2,0.13,1.33,354,64.7,23.1,6.1,6.1,1.66
"가구소득별",무응답,-,-,-,-,100,-,-,-,-,-,-,-,-,-,-,-,-,-,-,-,-,-,-,-,-,-,-,-,-,-,-,-,-,-,-,-,-,-,-,-,-,-,-,-,-,-,-,-,-,-,-,-,-,-,-,-,-,-,-,-
"지역규모별",대도시,10.2,3.3,0.5,1.8,84.2,0.64,4.06,4652,8.7,3.3,0.9,1.9,85.3,0.38,4551,16.1,4.8,1.2,1.3,76.7,0.38,1.64,4345,10.5,6.1,4,1.8,77.6,0.48,2.13,4364,4.4,1.8,0.6,0.8,92.4,0.17,2.28,4328,0.8,0.3,0.1,0.2,98.7,0.03,2.26,4368,6,1.2,0.2,0.3,92.3,0.11,1.4,459,68.8,20.4,6.9,3.9,1.54
"지역규모별",중소도시,7.9,3.4,0.8,2.2,85.6,0.38,2.66,3656,6.1,2.7,1.6,4.4,85.2,0.59,3455,13.2,3.4,1.1,1.6,80.7,0.32,1.68,3336,12.1,7,3.5,1.9,75.4,0.51,2.07,3787,4.1,1.5,0.5,0.6,93.3,0.12,1.81,3449,0.8,0.4,0,0.2,98.6,0.03,2.34,3497,5.4,1.6,0.4,0.1,92.5,0.12,1.57,355,70,21.5,2.5,6,1.58
"지역규모별",읍면지역,6.3,2.1,0.5,1.9,89.2,0.35,3.22,2408,6.1,2.3,0.8,4.8,86.1,0.74,2552,13.3,3.5,1,1.6,80.7,0.32,1.65,2421,10.9,6.5,4,1.1,77.4,0.45,2,1948,4.6,1.7,0.3,0.5,92.9,0.21,2.9,2283,0.9,0.3,0.1,0.1,98.7,0.02,1.7,2274,4.4,1.3,0.1,0.5,93.7,0.11,1.75,196,70.1,23.1,2.4,4.4,1.57
"권역별",수도권,9.9,3.8,0.6,1.8,83.9,0.44,2.73,3343,7.2,2.7,0.9,3.6,85.6,0.54,3206,14.4,4.6,1.2,1.9,78,0.38,1.72,3247,11.9,6.3,4,1.8,76.1,0.49,2.04,4889,4.4,1.7,0.5,0.7,92.6,0.15,1.98,3135,0.7,0.3,0,0.1,98.9,0.02,1.75,3214,4.4,1.2,0.2,0.1,93.9,0.09,1.42,367,71.7,20.5,3.7,4.1,1.47
"권역별",강원/제주권,9.5,3.2,1.1,3,83.2,0.5,2.99,756,9.9,5.5,1.8,3.2,79.8,0.98,783,22.6,6,2.4,1,68,0.49,1.52,740,9.6,5.5,4.9,1.2,78.7,0.47,2.19,435,4.2,0.3,0.4,0.6,94.5,0.09,1.62,778,1.4,0.9,0.3,0.5,97,0.07,2.37,786,2.7,0.1,0.9,0.3,95.9,0.08,1.91,74,78.9,11.2,4,5.8,1.6
"권역별",충청/세종권,7.6,2.9,0.9,7.1,81.5,1.82,9.83,1772,9.6,3.2,1.2,5.2,80.9,0.71,1768,15.9,4,0.9,2.3,76.9,0.41,1.78,1655,12.1,8.6,4.5,2.3,72.5,0.62,2.25,1130,5.4,2,0.6,0.7,91.3,0.15,1.77,1706,0.7,-,-,-,99.3,0.01,1,1720,8.2,0.8,0.2,-,90.8,0.1,1.12,159,60.2,29.7,5.2,4.9,1.67
"권역별",호남권,4.6,1.3,0.4,1,92.7,0.16,2.22,1608,6.3,1.5,1.5,1.3,89.5,0.24,1584,7.1,2.8,1.1,0.4,88.6,0.19,1.69,1450,10.4,5.9,3,0.9,79.8,0.41,2.03,1030,3.9,1.6,0.4,0.6,93.4,0.25,3.77,1474,2,0.4,0.1,0.2,97.2,0.05,1.88,1455,9.4,2.8,0.2,0.3,87.2,0.17,1.36,101,57.2,30.4,7,5.4,1.66
"권역별",대경권,6.2,2.7,0.2,0.4,90.6,0.15,1.62,1314,5.5,1.7,0.8,0.6,91.4,0.16,1307,12.1,2.5,1.4,1.3,82.8,0.32,1.86,1891,10.2,5.6,4.1,1.4,78.8,0.44,2.05,1707,3.9,1.6,0.6,0.4,93.6,0.14,2.11,1884,0.8,0.6,-,0.2,98.4,0.05,2.87,1203,3,0.9,0.2,0.7,95.3,0.16,3.51,99,61.4,27.8,4,6.8,1.62
"권역별",동남권,9.6,2.6,0.6,0.7,86.4,0.24,1.78,1923,6.8,4.5,1.6,4.3,82.8,0.64,1910,17.9,3.6,0.7,0.3,77.4,0.29,1.3,1119,9.6,8.3,2.4,1.9,77.8,0.47,2.11,908,4,1.8,0.5,0.6,93.2,0.23,3.3,1083,0.2,0.1,0.1,0.2,99.4,0.04,6.02,1761,7,2.1,0.2,0.4,90.3,0.14,1.48,210,73.9,14.7,5.3,6.1,1.7
"17개 시도별",서울,11.8,3,0.3,1.1,83.8,0.46,2.84,1263,9.2,3.2,0.8,0.5,86.4,0.21,1227,17.9,5.4,1.4,2,73.3,0.46,1.71,1208,11.9,5.6,5.1,1.4,76.1,0.47,1.97,1928,4.9,2,0.6,1.1,91.4,0.19,2.16,1197,0.8,0.4,0.1,0.2,98.5,0.03,1.91,1196,5,0.9,0.2,0.4,93.6,0.1,1.52,135,71,20.7,5.9,2.3,1.41
"17개 시도별",부산,12,3.5,1.1,0.4,83,0.24,1.44,762,8.7,5.7,1.3,3.2,81.1,0.61,759,18.4,4.6,0.8,0.2,75.9,0.31,1.3,707,10.8,8.9,2,2.5,75.8,0.52,2.16,686,4.3,2.3,0.3,0.2,92.8,0.17,2.31,691,0.3,0.1,0.2,0.1,99.4,0.03,4.72,691,8,2.9,0.3,0.2,88.6,0.16,1.38,97,71.2,12.5,8.8,7.4,1.81
"17개 시도별",대구,8,4,0.2,0.5,87.3,0.19,1.5,638,5.5,2,0.6,0.5,91.4,0.15,636,17,3.2,1.1,1,77.7,0.4,1.81,621,8.3,4.4,4.1,1.4,81.7,0.4,2.19,491,4.6,2.2,1.1,0.6,91.5,0.18,2.06,579,1.1,0.2,-,0.1,98.6,0.02,1.44,582,3.6,1.1,0.2,0.3,94.9,0.08,1.54,56,64.5,23.9,2.6,9.1,1.64
"17개 시도별",인천,9,4.6,1.1,1.6,83.8,0.42,2.61,687,9.9,1.6,0.2,0.5,87.8,0.17,646,10.5,5.8,1.3,0.1,82.4,0.26,1.5,651,9.7,6.2,3.1,2.9,78.2,0.57,2.6,549,3.4,0.8,0.5,0.4,94.8,0.11,2.1,621,0.3,-,0.1,-,99.6,0.01,1.52,641,2.8,1.3,0.1,0.1,95.7,0.06,1.42,69,58.9,26.6,13,1.5,1.67
"17개 시도별",광주,5.9,1.7,0.3,0.8,91.3,0.17,1.93,502,6.3,1.5,1,1.1,90.1,0.26,480,11,4.3,1.2,0.9,82.5,0.31,1.75,465,6,4.9,3,0.6,85.5,0.32,2.22,293,4.3,2.3,0.5,0,92.8,0.11,1.47,451,3,0.9,-,0.5,95.7,0.09,2.04,451,10.9,2.3,-,0.3,86.5,0.17,1.25,23,69.8,21.8,8.4,-,1.39
"17개 시도별",대전,7.8,3.1,0.4,14.6,74,4.66,17.91,502,8.5,3,0.8,9.3,78.3,1.13,490,13.2,4.6,1,2,79.1,0.38,1.8,464,13.5,6.4,5.1,2.9,72.1,0.62,2.22,303,3.6,0.6,1.3,0.5,93.9,0.11,1.82,460,0.6,-,-,-,99.4,0.01,1,466,10.4,0.7,0.4,-,88.6,0.13,1.12,39,55.6,30.9,6,7.4,2
"17개 시도별",울산,7.2,2.7,0.3,0.2,89.5,0.15,1.41,425,11,6.6,2.7,7.1,72.6,1.33,421,12.5,1.5,0.1,1.5,84.5,0.25,1.63,412,6,6.4,3.5,0.1,84,0.3,1.89,222,2.9,0.4,0.8,1.7,94.2,0.41,6.99,392,-,-,-,0.6,99.4,0.06,10,390,10.5,2.4,0.3,1.9,84.9,0.3,1.95,55,87.5,8.3,-,4.2,1.21
"17개 시도별",세종,9.4,3,-,9.9,77.6,1.04,4.63,176,10.3,5.8,0.6,0.6,82.8,0.27,191,14.4,2.8,1.2,0.4,81.2,0.27,1.42,206,9.7,8.2,6.1,4.3,71.6,0.68,2.39,62,2.3,4.3,1.6,1.3,90.5,0.21,2.19,201,1.4,-,-,-,98.6,0.01,1,221,8.1,-,-,-,91.9,0.08,1,20,64.5,22.9,4.1,8.5,1.56
"17개 시도별",경기,8.4,4.3,0.9,2.5,84,0.42,2.65,1393,4.9,2.5,1.2,6.9,84.5,0.9,1333,12.5,3.6,0.9,2.2,80.7,0.34,1.78,1388,12.4,6.9,3.3,1.8,75.6,0.49,1.99,2412,4.3,1.7,0.5,0.5,92.9,0.13,1.79,1317,0.7,0.2,-,0.1,99,0.02,1.59,1377,4.4,1.5,0.3,-,93.8,0.08,1.34,163,74.5,19.3,0.6,5.6,1.47
"17개 시도별",강원,11.7,3.7,1,3.2,80.4,0.58,2.96,460,9.8,5.9,1.8,2.9,79.6,1.05,482,28.4,7.7,2.6,0.7,60.6,0.57,1.44,443,9.5,6.3,6,1.2,76.9,0.51,2.22,314,3.5,0.5,0.5,0.8,94.7,0.1,1.91,477,1.8,0.9,0.2,0.5,96.6,0.07,2.14,474,1.8,-,-,0.4,97.8,0.05,2.04,48,79.1,11.7,3.8,5.4,1.6
"17개 시도별",충북,7.6,3.8,1.1,4.3,83.2,0.79,4.72,509,10.7,4.3,2.8,8.2,74,1.08,501,14.1,5,0.9,1.9,78.1,0.4,1.81,469,12.8,9.7,5,2.8,69.6,0.67,2.22,329,3.8,3.3,0,1.3,91.6,0.16,1.97,487,0.2,-,-,-,99.8,0,1,480,7.8,0.2,-,-,92.1,0.08,1.02,45,64.8,21.5,8.9,4.8,1.56
"17개 시도별",충남,7.2,2.1,1.3,3.2,86.2,0.48,3.5,585,9.5,2.2,0.2,0.4,87.6,0.18,586,19.2,3,0.8,3,73.9,0.46,1.78,516,11,9.4,3.5,1.2,74.9,0.57,2.28,436,8.3,1.6,0.5,0.4,89.3,0.17,1.58,558,1.1,-,-,-,98.9,0.01,1,553,7.1,1.4,0.2,-,91.2,0.11,1.21,55,59.2,35.9,2.1,2.8,1.54
"17개 시도별",전북,3.5,0.5,0.5,1.6,93.9,0.17,2.73,558,6.2,2.1,2,1.5,88.1,0.27,561,3.2,2,0.7,-,94.2,0.09,1.58,475,9.2,6.1,3.5,0.4,80.7,0.34,1.79,376,5.2,2.7,0.3,0,91.8,0.12,1.41,514,1,-,-,0.2,98.8,0.03,2.61,501,7.7,3.5,0.4,-,88.4,0.16,1.37,28,58.6,28.1,4.2,9,1.76
"17개 시도별",전남,4.8,1.8,0.4,0.5,92.6,0.15,2.06,548,6.2,0.8,1.4,1.2,90.4,0.2,543,8,2.3,1.4,0.4,87.9,0.2,1.66,510,15.1,6.5,2.5,1.8,74,0.55,2.12,361,2.3,0,0.5,1.6,95.6,0.5,11.39,509,2.2,0.5,0.4,-,96.9,0.04,1.43,503,9.9,2.6,0.3,0.6,86.6,0.19,1.44,50,51.4,35,8.1,5.5,1.71
"17개 시도별",경북,4.4,1.4,0.3,0.3,93.6,0.12,1.85,676,5.5,1.3,1,0.8,91.4,0.16,671,7.7,1.8,1.6,1.5,87.4,0.25,1.94,606,9.1,4,4.7,0.4,81.8,0.35,1.92,549,2.9,0.4,0.5,0,96.2,0.05,1.4,621,0.9,0.8,-,0.4,97.8,0.06,2.66,621,2.4,0.7,0.1,1.1,95.7,0.24,5.58,43,57.3,33.1,5.9,3.7,1.59
"17개 시도별",경남,7.8,1.5,0.1,1.3,89.2,0.27,2.51,736,3.2,2.6,1.6,4.4,88.1,0.44,730,19.2,3.3,0.8,0.1,76.6,0.29,1.22,664,12.4,7.7,3.5,2.3,74.2,0.53,2.06,667,4.1,2.1,0.2,0.6,93,0.17,2.48,684,0.5,0.6,-,0.2,98.6,0.06,4.19,680,4.7,1.3,0.1,0.1,93.9,0.08,1.28,58,70.1,22.7,2.3,4.8,1.8
"17개 시도별",제주,3.1,1.8,1.4,2.4,91.3,0.28,3.16,296,9.9,4.4,1.7,3.9,80.1,0.81,301,8.5,2,2,1.7,85.8,0.29,2.07,297,9.7,3.5,2.4,1.4,83,0.36,2.11,121,5.7,0,0,0,94.3,0.06,1,301,0.3,0.8,0.6,0.2,98,0.07,3.3,312,4.9,0.3,3.1,0.1,91.6,0.15,1.83,26,78.3,10,4.6,7,1.62
"장애여부별",해당사항없음,-,-,-,-,-,-,-,-,-,-,-,-,-,-,10238,14.6,4,1.2,1.5,78.8,0.35,1.66,9869,11.2,6.6,3.9,1.7,76.7,0.49,2.09,9565,4.4,1.7,0.5,0.7,92.7,0.16,2.22,9726,0.8,0.3,0.1,0.2,98.6,0.03,2.18,9934,5.5,1.4,0.3,0.2,92.5,0.11,1.52,998,69.6,21.2,4.3,4.8,1.56
"장애여부별",미등록,-,-,-,-,-,-,-,-,-,-,-,-,-,-,209,12.2,4.2,-,0.6,83,0.26,1.53,67,12.9,7,4,0,76.1,0.39,1.63,324,4.8,1.1,1.3,0.6,92.1,0.19,2.39,116,-,-,0.5,-,99.5,0.02,3,136,1.1,0.5,-,-,98.4,0.02,1.33,1,-,-,100,-,3
"장애여부별",장애등록,-,-,-,-,-,-,-,-,-,-,-,-,-,-,111,7.9,3,-,2.3,86.8,0.23,1.76,136,11.6,2.8,1.6,1.6,82.4,0.39,2.2,210,1.2,0.9,0,0,97.9,0.03,1.44,218,-,-,-,-,100,-,-,69,2,-,-,-,98,0.02,1,11,60.7,26.6,3.2,9.5,1.71
"장애여부별",무응답,-,-,-,-,-,-,-,-,-,-,-,-,-,-,-,-,-,-,-,-,-,-,30,14,2.3,0,1.7,82,0.27,1.5,-,-,-,-,-,-,-,-,-,-,-,-,-,-,-,-,-,-,-,-,-,-,-,-,-,-,-,-,-,-
"근무 형태",전일제,-,-,-,-,-,-,-,-,-,-,-,-,-,-,-,-,-,-,-,-,-,-,-,-,-,-,-,-,-,-,-,-,-,-,-,-,-,-,-,-,-,-,-,-,-,-,3440,6.5,1.6,0.2,0.1,91.6,0.11,1.32,566,73,18.3,4.3,4.5,1.52
"근무 형태",교대제,-,-,-,-,-,-,-,-,-,-,-,-,-,-,-,-,-,-,-,-,-,-,-,-,-,-,-,-,-,-,-,-,-,-,-,-,-,-,-,-,-,-,-,-,-,-,262,3.7,0.5,1.6,-,94.2,0.1,1.65,26,59.5,31,2.8,6.7,2.16
"근무 형태",시간 선택제,-,-,-,-,-,-,-,-,-,-,-,-,-,-,-,-,-,-,-,-,-,-,-,-,-,-,-,-,-,-,-,-,-,-,-,-,-,-,-,-,-,-,-,-,-,-,331,8.8,3.3,0.2,-,87.8,0.16,1.3,42,59.9,32,3.1,5,1.79
"근무 형태",해당 없음,-,-,-,-,-,-,-,-,-,-,-,-,-,-,-,-,-,-,-,-,-,-,-,-,-,-,-,-,-,-,-,-,-,-,-,-,-,-,-,-,-,-,-,-,-,-,1036,4.1,0.8,0.3,0.5,94.3,0.15,2.54,69,77.2,11.7,7.1,4.1,1.47
"유연 근무제 여부",실시,-,-,-,-,-,-,-,-,-,-,-,-,-,-,-,-,-,-,-,-,-,-,-,-,-,-,-,-,-,-,-,-,-,-,-,-,-,-,-,-,-,-,-,-,-,-,372,5.4,0.8,0.6,0.1,93.1,0.09,1.33,68,68.7,22.4,3.9,5,1.65
"유연 근무제 여부",미실시,-,-,-,-,-,-,-,-,-,-,-,-,-,-,-,-,-,-,-,-,-,-,-,-,-,-,-,-,-,-,-,-,-,-,-,-,-,-,-,-,-,-,-,-,-,-,2931,6.3,1.6,0.1,0.1,91.9,0.11,1.3,392,75.6,18.1,2,4.3,1.47
"유연 근무제 여부",해당 없음,-,-,-,-,-,-,-,-,-,-,-,-,-,-,-,-,-,-,-,-,-,-,-,-,-,-,-,-,-,-,-,-,-,-,-,-,-,-,-,-,-,-,-,-,-,-,1766,5.6,1.5,0.4,0.4,92.1,0.15,1.96,243,65.3,20.2,9.5,5,1.71
